{
  "name": "ion-affix",
  "version": "1.0.1",
  "homepage": "https://github.com/aliok/ion-affix",
  "authors": [
    "Ali Ok <aliok@apache.org>"
  ],
  "description": "Sticky affix elements for Ionic framework",
  "main": "ion-affix.js",
  "keywords": [
    "ionic",
    "affix",
    "ion-affix",
    "ionic-affix",
    "sticky"
  ],
  "license": "MIT",
  "ignore": [
    "**/.*",
    "node_modules",
    "bower_components",
    "test",
    "tests"
  ],
  "devDependencies": {
    "ionic": "driftyco/ionic-bower#1.0.0-beta.14"
  },
  "_release": "1.0.1",
  "_resolution": {
    "type": "version",
    "tag": "1.0.1",
    "commit": "267e8358b662418461a653c06599cd39d99ee7f9"
  },
  "_source": "https://github.com/aliok/ion-affix.git",
  "_target": "^1.0.1",
  "_originalSource": "ion-affix"
}