{
  "name": "bootstrap",
  "description": "The most popular front-end framework for developing responsive, mobile first projects on the web.",
  "keywords": [
    "css",
    "js",
    "less",
    "mobile-first",
    "responsive",
    "front-end",
    "framework",
    "web"
  ],
  "homepage": "https://getbootstrap.com/",
  "license": "MIT",
  "moduleType": "globals",
  "main": [
    "less/bootstrap.less",
    "dist/js/bootstrap.js"
  ],
  "ignore": [
    "/.*",
    "_config.yml",
    "CNAME",
    "composer.json",
    "CONTRIBUTING.md",
    "docs",
    "js/tests",
    "test-infra"
  ],
  "dependencies": {
    "jquery": "1.9.1 - 3"
  },
  "version": "3.4.1",
  "_release": "3.4.1",
  "_resolution": {
    "type": "version",
    "tag": "v3.4.1",
    "commit": "68b0d231a13201eb14acd3dc84e51543d16e5f7e"
  },
  "_source": "https://github.com/twbs/bootstrap.git",
  "_target": "^3.3.4",
  "_originalSource": "bootstrap"
}