{
  "name": "Autolinker.js",
  "main": "dist/Autolinker.js",
  "homepage": "https://github.com/gregjacobs/Autolinker.js",
  "authors": [
    "Gregory Jacobs <greg@greg-jacobs.com>"
  ],
  "description": "Automatically links URLs, email addresses, and Twitter handles in a string of text or HTML.",
  "keywords": [
    "auto",
    "link",
    "autolink",
    "url",
    "urls",
    "anchor"
  ],
  "license": "MIT",
  "ignore": [
    "**/.*",
    "build",
    "node_modules",
    "bower_components",
    "test",
    "tests",
    "vendor"
  ],
  "version": "0.26.1",
  "_release": "0.26.1",
  "_resolution": {
    "type": "version",
    "tag": "0.26.1",
    "commit": "7ab699a769c8dcb065f09c6b0719d4208c8b6e68"
  },
  "_source": "https://github.com/gregjacobs/Autolinker.js.git",
  "_target": "^0.26.0",
  "_originalSource": "Autolinker.js"
}